-- Leader_Kokkoro
-- Author: liuxi
--------------------------------------------------------------
INSERT INTO	Types (Type, Kind)
VALUES	('LEADER_PCR_KOKKORO',			'KIND_LEADER'	),
		('TRAIT_LEADER_PCR_KOKKORO',	'KIND_TRAIT'	),
		('TRAIT_AGENDA_PCR_KOKKORO',	'KIND_TRAIT'	);

INSERT INTO	Leaders (LeaderType, Name, InheritFrom, SceneLayers)
VALUES ('LEADER_PCR_KOKKORO', 'LOC_LEADER_PCR_KOKKORO_NAME', 'LEADER_DEFAULT', 4);

INSERT INTO	CivilizationLeaders (CivilizationType, LeaderType, CapitalName)
VALUES ('CIVILIZATION_PrincessConnectRedive', 'LEADER_PCR_KOKKORO', 'LOC_CITY_NAME_PrincessConnectRedive_1');

INSERT INTO	LeaderQuotes (LeaderType, Quote)
VALUES ('LEADER_PCR_KOKKORO', 'LOC_PEDIA_LEADERS_PAGE_PCR_KOKKORO_QUOTE');

INSERT INTO	LoadingInfo (LeaderType, ForegroundImage, BackgroundImage, PlayDawnOfManAudio)
VALUES ('LEADER_PCR_KOKKORO', 'PCR_Kokkoro_Loading', 'Background_Loading', 1);

INSERT INTO DiplomacyInfo (Type, BackgroundImage)
VALUES ('LEADER_PCR_KOKKORO', 'Background_Diplomacy');

INSERT INTO AiLists (LeaderType, ListType, System)
VALUES	('TRAIT_LEADER_PCR_KOKKORO',	'PCRCivics',								'Civics'		),
		('TRAIT_LEADER_PCR_KOKKORO',	'PCRTechs',									'Technologies'	),
		('TRAIT_LEADER_PCR_KOKKORO',	'PCRWonders',								'Buildings'		),
		('TRAIT_AGENDA_PCR_KOKKORO',	'EnvironmentLoverEnvironmentPreference',	'PseudoYields'	);

--------------------------------------------------------------
INSERT INTO	Traits (TraitType, Name, Description)
VALUES	('TRAIT_LEADER_PCR_KOKKORO',	'LOC_TRAIT_LEADER_PCR_KOKKORO_NAME',	'LOC_TRAIT_LEADER_PCR_KOKKORO_DESCRIPTION'	),
		('TRAIT_AGENDA_PCR_KOKKORO',	'LOC_AGENDA_PCR_KOKKORO_NAME',			'LOC_AGENDA_PCR_KOKKORO_DESCRIPTION'		);

INSERT INTO	LeaderTraits (LeaderType, TraitType)
VALUES	('LEADER_PCR_KOKKORO',	'TRAIT_LEADER_PCR_KOKKORO'					),
		('LEADER_PCR_KOKKORO',	'TRAIT_LEADER_RELIGIOUS_MAJOR_CIV'			),
		('LEADER_PCR_KOKKORO',	'TRAIT_LEADER_LOW_CITY_STATE_PREFERENCE_WAR');

INSERT INTO TraitModifiers (TraitType, ModifierId)
VALUES	('TRAIT_LEADER_PCR_KOKKORO',	'MODIFIER_KOKKORO_GOVERNMENT_SLOT'		),
		('TRAIT_LEADER_PCR_KOKKORO',	'MODIFIER_KOKKORO_FOREST_SHRINE_FAITH'	),
		('TRAIT_LEADER_PCR_KOKKORO',	'MODIFIER_KOKKORO_FOREST_SHRINE_FOOD'	),
		('TRAIT_LEADER_PCR_KOKKORO',	'MODIFIER_KOKKORO_FOREST_UNIT_HEALING'	),
		('TRAIT_LEADER_PCR_KOKKORO',	'MODIFIER_KOKKORO_FOREST_RELIGIOUS_BUFF');

INSERT INTO	Modifiers (ModifierId, ModifierType, SubjectRequirementSetId)
VALUES (
	'MODIFIER_KOKKORO_FOREST_SHRINE_FAITH',
	'MODIFIER_PLAYER_ADJUST_PLOT_YIELD',
	'UNIMPROVED_FOREST_ADJACENT_TO_SHRINE'
),(
	'MODIFIER_KOKKORO_FOREST_SHRINE_FOOD',
	'MODIFIER_PLAYER_ADJUST_PLOT_YIELD',
	'UNIMPROVED_FOREST_ADJACENT_TO_SHRINE'
),(
	'MODIFIER_KOKKORO_FOREST_UNIT_HEALING',
	'MODIFIER_PLAYER_UNITS_ADJUST_HEAL_PER_TURN',
	'PLOT_HAS_FOREST_REQUIREMENTS_PCR'
),(
	'MODIFIER_KOKKORO_FOREST_RELIGIOUS_BUFF',
	'MODIFIER_PLAYER_UNITS_ADJUST_COMBAT_STRENGTH',
	'RELIGIOUS_UNIT_IN_FOREST_REQUIREMENTS'
);

INSERT INTO	Modifiers (ModifierId, ModifierType, OwnerRequirementSetId)
VALUES (
	'MODIFIER_KOKKORO_GOVERNMENT_SLOT',
	'MODIFIER_PLAYER_CULTURE_ADJUST_GOVERNMENT_SLOTS_MODIFIER',
	'PLAYER_HAS_MYSTICISM_CIVIC_PCR'
);

INSERT INTO	ModifierArguments (ModifierId, Name, Value)
VALUES	('MODIFIER_KOKKORO_GOVERNMENT_SLOT',		'GovernmentSlotType',	'SLOT_WILDCARD'	),
		('MODIFIER_KOKKORO_FOREST_SHRINE_FAITH',	'YieldType',			'YIELD_FAITH'	),
		('MODIFIER_KOKKORO_FOREST_SHRINE_FAITH',	'Amount',				3				),
		('MODIFIER_KOKKORO_FOREST_SHRINE_FOOD',		'YieldType',			'YIELD_FOOD'	),
		('MODIFIER_KOKKORO_FOREST_SHRINE_FOOD',		'Amount',				1				),
		('MODIFIER_KOKKORO_FOREST_UNIT_HEALING',	'Amount',				15				),
		('MODIFIER_KOKKORO_FOREST_UNIT_HEALING',	'Type',					'ALL'			),
		('MODIFIER_KOKKORO_FOREST_RELIGIOUS_BUFF',	'Amount',				10				);

INSERT INTO ModifierStrings(ModifierId, Context, Text)
VALUES	('MODIFIER_KOKKORO_FOREST_RELIGIOUS_BUFF', 'Preview', 'LOC_COMBAT_PREVIEW_TRAIT_LEADER_PCR_KOKKORO');

INSERT INTO RequirementSets (RequirementSetId, RequirementSetType)
VALUES	('PLAYER_HAS_MYSTICISM_CIVIC_PCR',			'REQUIREMENTSET_TEST_ALL'	),
		('UNIMPROVED_FOREST_ADJACENT_TO_SHRINE',	'REQUIREMENTSET_TEST_ALL'	),
		('PLOT_HAS_FOREST_REQUIREMENTS_PCR',		'REQUIREMENTSET_TEST_ALL'	),
		('RELIGIOUS_UNIT_IN_FOREST_REQUIREMENTS',	'REQUIREMENTSET_TEST_ALL'	);

INSERT INTO RequirementSetRequirements (RequirementSetId, RequirementId)
VALUES	('PLAYER_HAS_MYSTICISM_CIVIC_PCR',			'REQUIRES_PLAYER_HAS_MYSTICISM_PCR'		),
		('UNIMPROVED_FOREST_ADJACENT_TO_SHRINE',	'REQUIRES_PLOT_ADJACENT_TO_SHRINE_PCR'	),
		('UNIMPROVED_FOREST_ADJACENT_TO_SHRINE',	'REQUIRES_PLOT_HAS_FOREST_PCR'			),
		('UNIMPROVED_FOREST_ADJACENT_TO_SHRINE',	'REQUIRES_PLOT_HAS_NO_IMPROVEMENTS_PCR'	),
		('PLOT_HAS_FOREST_REQUIREMENTS_PCR',		'REQUIRES_PLOT_HAS_FOREST_PCR'			),
		('RELIGIOUS_UNIT_IN_FOREST_REQUIREMENTS',	'REQUIRES_PLOT_HAS_FOREST_PCR'			),
		('RELIGIOUS_UNIT_IN_FOREST_REQUIREMENTS',	'REQUIRES_UNIT_IS_RELIGIOUS_PCR'		);

INSERT INTO Requirements (RequirementId, RequirementType, Inverse)
VALUES	('REQUIRES_PLAYER_HAS_MYSTICISM_PCR',		'REQUIREMENT_PLAYER_HAS_CIVIC',						0	),
		('REQUIRES_PLOT_ADJACENT_TO_SHRINE_PCR',	'REQUIREMENT_PLOT_ADJACENT_BUILDING_TYPE_MATCHES',	0	),
		('REQUIRES_PLOT_HAS_FOREST_PCR',			'REQUIREMENT_PLOT_FEATURE_TYPE_MATCHES',			0	),
		('REQUIRES_PLOT_HAS_NO_IMPROVEMENTS_PCR',	'REQUIREMENT_PLOT_HAS_ANY_IMPROVEMENT',				1	),
		('REQUIRES_UNIT_IS_RELIGIOUS_PCR',			'REQUIREMENT_UNIT_TAG_MATCHES',						0	);

INSERT INTO RequirementArguments (RequirementId, Name, Value)
VALUES	('REQUIRES_PLAYER_HAS_MYSTICISM_PCR',		'CivicType',		'CIVIC_MYSTICISM'	),
		('REQUIRES_PLOT_ADJACENT_TO_SHRINE_PCR',	'BuildingType',		'BUILDING_SHRINE'	),
		('REQUIRES_PLOT_ADJACENT_TO_SHRINE_PCR',	'MaxRange',			1					),
		('REQUIRES_PLOT_HAS_FOREST_PCR',			'FeatureType',		'FEATURE_FOREST'	),
		('REQUIRES_UNIT_IS_RELIGIOUS_PCR',			'Tag',				'CLASS_RELIGIOUS'	);

--------------------------------------------------------------
INSERT INTO Agendas (AgendaType, Name, Description)
VALUES ('AGENDA_PCR_KOKKORO', 'LOC_AGENDA_PCR_KOKKORO_NAME', 'LOC_AGENDA_PCR_KOKKORO_DESCRIPTION');

INSERT INTO HistoricalAgendas (LeaderType, AgendaType)
VALUES ('LEADER_PCR_KOKKORO', 'AGENDA_PCR_KOKKORO');

INSERT INTO ExclusiveAgendas (AgendaOne, AgendaTwo)
VALUES	('AGENDA_PCR_KOKKORO', 'AGENDA_DEVOUT'			),
		('AGENDA_PCR_KOKKORO', 'AGENDA_ENVIRONMENTALIST');

INSERT INTO AgendaTraits (AgendaType, TraitType)
VALUES ('AGENDA_PCR_KOKKORO', 'TRAIT_AGENDA_PCR_KOKKORO');

INSERT INTO TraitModifiers (TraitType, ModifierId)
VALUES ('TRAIT_AGENDA_PCR_KOKKORO', 'AGENDA_KOKKORO');

INSERT INTO	Modifiers (ModifierId, ModifierType, OwnerRequirementSetId, SubjectRequirementSetId)
VALUES (
	'AGENDA_KOKKORO',
	'MODIFIER_PLAYER_DIPLOMACY_AGENDA_AYYUBID_DYNASTY',
	'ON_TURN_STARTED',
	'PLAYER_IS_MAJOR_CIV_KNOWN_10_TURNS'
);

INSERT INTO ModifierStrings (ModifierId, Context, Text)
VALUES ('AGENDA_KOKKORO',	'Sample',	'LOC_TOOLTIP_SAMPLE_DIPLOMACY_ALL');